scenario,cost
NY+LasVegas,252437485.63670796
NY+best,229807784.63535807
best_2,196411299.74860823
best_3,181994572.17439792
best_4,175553540.5164091
best_5,169061531.36913934
status_quo,254060828.61570415
